searchType,similarity,Pattern L,Projection L,searchResults,TP_median1,TN_median1,FP_median1,FN_median1,HR_median1,TP_unc1,TN_unc1,FP_unc1,FN_unc1,HR_unc1,TP_median2,TN_median2,FP_median2,FN_median2,HR_median2,TP_unc2,TN_unc2,FP_unc2,FN_unc2,HR_unc2,r_mean,p_mean,r_median,p_median,rs_mean,ps_mean,rs_median,ps_median,MSE_mean,MAE_mean,MSE_median,MAE_median,num_forecasts,DecileSpread,VigSpread,PerSpread
0,2,3,1,100,19,0,14,0,0.57576,19,0,14,0,0.57576,19,0,14,0,0.57576,19,0,14,0,0.57576,-0.055049,0.61954,-0.21147,0.88128,-0.23229,0.90401,-0.23953,0.91029,0.081465,0.22177,0.050022,0.16669,33,-0.14214,0.22828,NaN
0,2,3,2,100,15,0,17,0,0.46875,15,0,17,0,0.46875,15,0,17,0,0.46875,15,0,17,0,0.46875,-0.075966,0.66028,-0.34297,0.97268,-0.27309,0.93511,-0.3334,0.96889,0.23414,0.37781,0.16513,0.28965,32,-0.16724,-0.78825,NaN
0,2,3,3,100,16,0,15,0,0.51613,16,0,15,0,0.51613,16,0,15,0,0.51613,16,0,15,0,0.51613,-0.073948,0.65371,-0.30843,0.95431,-0.27339,0.93203,-0.34467,0.97121,0.38337,0.50574,0.28761,0.40059,31,-1.0294,-1.3091,NaN
0,2,3,4,100,15,0,15,0,0.5,15,0,15,0,0.5,15,0,15,0,0.5,15,0,15,0,0.5,-0.044902,0.59313,-0.37775,0.98021,-0.20667,0.86455,-0.30565,0.94976,0.52796,0.62258,0.40188,0.51587,30,-1.421,-0.89333,NaN
0,2,3,5,100,18,0,11,0,0.62069,18,0,11,0,0.62069,18,0,11,0,0.62069,18,0,11,0,0.62069,-0.00015349,0.50032,-0.3294,0.9595,-0.10887,0.71458,-0.25776,0.91148,0.52425,0.61904,0.36585,0.5182,29,-0.86316,-1.0675,NaN
0,2,3,6,100,16,0,12,0,0.57143,16,0,12,0,0.57143,16,0,12,0,0.57143,16,0,12,0,0.57143,0.1016,0.30347,-0.1579,0.78887,-0.067323,0.63461,-0.20428,0.85147,0.56441,0.63553,0.34997,0.51657,28,-1.2352,-1.1304,NaN
0,2,3,7,100,18,0,9,0,0.66667,18,0,9,0,0.66667,18,0,9,0,0.66667,18,0,9,0,0.66667,0.17767,0.18765,-0.097345,0.68546,0.033578,0.4341,0.032224,0.43661,0.5043,0.60404,0.32581,0.48615,27,-1.0742,-1.2394,NaN
0,2,3,8,100,18,0,8,0,0.69231,18,0,8,0,0.69231,18,0,8,0,0.69231,18,0,8,0,0.69231,0.22367,0.13602,0.14694,0.23691,0.022906,0.45611,0.030638,0.44095,0.49255,0.59538,0.2782,0.42966,26,-0.50054,-1.2789,NaN
0,2,3,9,100,19,0,6,0,0.76,19,0,6,0,0.76,19,0,6,0,0.76,19,0,6,0,0.76,0.32285,0.057735,0.10577,0.30742,0.12462,0.27566,0.12331,0.27852,0.51144,0.61395,0.21369,0.35788,25,-0.1008,0.0027602,NaN
0,2,3,10,100,19,0,5,0,0.79167,19,0,5,0,0.79167,19,0,5,0,0.79167,19,0,5,0,0.79167,0.19368,0.18225,-0.10241,0.68302,0.047826,0.41227,0.053513,0.40193,0.62996,0.67545,0.21059,0.38479,24,-0.30814,-0.46281,NaN
0,2,3,11,100,21,0,2,0,0.91304,21,0,2,0,0.91304,21,0,2,0,0.91304,21,0,2,0,0.91304,0.019958,0.46399,-0.14471,0.74498,-0.12945,0.72423,-0.1168,0.7022,0.8486,0.75493,0.23022,0.42095,23,-0.22302,-0.35461,NaN
0,2,3,12,100,22,0,0,0,1,22,0,0,0,1,22,0,0,0,1,22,0,0,0,1,-0.29488,0.90861,-0.37342,0.95653,-0.23998,0.86079,-0.23785,0.85677,1.1277,0.85031,0.27168,0.46529,22,-0.3483,-0.29775,NaN
0,2,4,1,100,19,0,13,0,0.59375,19,0,13,0,0.59375,19,0,13,0,0.59375,19,0,13,0,0.59375,-0.0067833,0.5147,-0.16639,0.81864,-0.15579,0.80408,-0.16447,0.81581,0.075634,0.21224,0.050634,0.1666,32,-0.11804,0.30651,NaN
0,2,4,2,100,15,0,16,0,0.48387,15,0,16,0,0.48387,15,0,16,0,0.48387,15,0,16,0,0.48387,-0.034621,0.57334,-0.27876,0.93556,-0.22903,0.89323,-0.20932,0.87079,0.22198,0.36666,0.16739,0.2941,31,-0.50236,-0.17015,NaN
0,2,4,3,100,16,0,14,0,0.53333,16,0,14,0,0.53333,16,0,14,0,0.53333,16,0,14,0,0.53333,-0.017976,0.53756,-0.30455,0.94911,-0.21691,0.87625,-0.30856,0.95144,0.35534,0.48658,0.29521,0.40557,30,-1.1537,-0.32629,NaN
0,2,4,4,100,15,0,14,0,0.51724,15,0,14,0,0.51724,15,0,14,0,0.51724,15,0,14,0,0.51724,0.014214,0.47083,-0.38411,0.98017,-0.16946,0.81175,-0.29248,0.93818,0.4894,0.60023,0.41432,0.52259,29,-1.4349,-1.3263,NaN
0,2,4,5,100,18,0,10,0,0.64286,18,0,10,0,0.64286,18,0,10,0,0.64286,18,0,10,0,0.64286,0.09262,0.31962,-0.30011,0.93963,-0.064587,0.62935,-0.21919,0.86879,0.45341,0.58451,0.36582,0.51503,28,-1.238,-1.0581,NaN
0,2,4,6,100,16,0,11,0,0.59259,16,0,11,0,0.59259,16,0,11,0,0.59259,16,0,11,0,0.59259,0.19481,0.16509,-0.052301,0.60221,-0.066545,0.63067,-0.15802,0.78443,0.47078,0.59531,0.35175,0.51605,27,-0.99052,-1.1304,NaN
0,2,4,7,100,17,0,9,0,0.65385,17,0,9,0,0.65385,17,0,9,0,0.65385,17,0,9,0,0.65385,0.2421,0.11671,-0.13608,0.74628,0.036581,0.42972,-0.026131,0.55041,0.42749,0.56829,0.33685,0.49338,26,-0.66237,-0.90911,NaN
0,2,4,8,100,17,0,8,0,0.68,17,0,8,0,0.68,17,0,8,0,0.68,17,0,8,0,0.68,0.29776,0.074143,0.18863,0.18326,0.042308,0.42053,0.03721,0.42992,0.40888,0.55659,0.28136,0.42752,25,-0.19757,-0.48181,NaN
0,2,4,9,100,18,0,6,0,0.75,18,0,6,0,0.75,18,0,6,0,0.75,18,0,6,0,0.75,0.24707,0.12223,0.043212,0.42055,0.033913,0.43778,0.030555,0.44365,0.48413,0.59615,0.22141,0.36884,24,-0.28358,0.037508,NaN
0,2,4,10,100,18,0,5,0,0.78261,18,0,5,0,0.78261,18,0,5,0,0.78261,18,0,5,0,0.78261,0.10695,0.31359,-0.18376,0.79935,-0.054348,0.59897,-0.053439,0.59567,0.57884,0.64871,0.21492,0.39152,23,-0.37838,-0.65829,NaN
0,2,4,11,100,20,0,2,0,0.90909,20,0,2,0,0.90909,20,0,2,0,0.90909,20,0,2,0,0.90909,0.037569,0.43408,-0.1334,0.72302,-0.15302,0.75415,-0.13409,0.72405,0.75207,0.71748,0.23059,0.42067,22,-0.23016,-0.14188,NaN
0,2,4,12,100,21,0,0,0,1,21,0,0,0,1,21,0,0,0,1,21,0,0,0,1,-0.32554,0.92507,-0.41599,0.96965,-0.30779,0.91376,-0.29825,0.90544,0.99758,0.80219,0.27067,0.46181,21,-0.33045,-0.36038,NaN
0,2,5,1,100,19,0,12,0,0.6129,19,0,12,0,0.6129,19,0,12,0,0.6129,19,0,12,0,0.6129,0.020194,0.45707,-0.085801,0.67686,-0.12097,0.74305,-0.059701,0.62515,0.072855,0.20686,0.05133,0.1674,31,-0.18561,0.30651,NaN
0,2,5,2,100,15,0,15,0,0.5,15,0,15,0,0.5,15,0,15,0,0.5,15,0,15,0,0.5,0.014024,0.47068,-0.20758,0.86449,-0.12614,0.74826,-0.057489,0.61858,0.20683,0.35171,0.16914,0.29479,30,-0.6257,0.49865,NaN
0,2,5,3,100,16,0,13,0,0.55172,16,0,13,0,0.55172,16,0,13,0,0.55172,16,0,13,0,0.55172,0.038817,0.42077,-0.12388,0.73899,-0.14877,0.781,-0.24924,0.90386,0.33472,0.47009,0.29884,0.40815,29,-1.1177,-0.32629,NaN
0,2,5,4,100,15,0,13,0,0.53571,15,0,13,0,0.53571,15,0,13,0,0.53571,15,0,13,0,0.53571,0.10467,0.29803,-0.23373,0.88435,-0.076081,0.65127,-0.20042,0.84675,0.43921,0.57156,0.41456,0.5225,28,-1.3375,-1.3263,NaN
0,2,5,5,100,17,0,10,0,0.62963,17,0,10,0,0.62963,17,0,10,0,0.62963,17,0,10,0,0.62963,0.18358,0.17968,-0.16388,0.79297,-0.03663,0.57309,-0.13223,0.74456,0.3975,0.55134,0.37011,0.5178,27,-0.99748,-1.0581,NaN
0,2,5,6,100,15,0,11,0,0.57692,15,0,11,0,0.57692,15,0,11,0,0.57692,15,0,11,0,0.57692,0.24534,0.11352,0.032847,0.43672,-0.04547,0.58858,-0.003524,0.50682,0.41586,0.56583,0.36323,0.53144,26,-0.57739,-1.1046,NaN
0,2,5,7,100,16,0,9,0,0.64,16,0,9,0,0.64,16,0,9,0,0.64,16,0,9,0,0.64,0.30308,0.070413,-0.15943,0.77674,0.046923,0.41191,-0.019718,0.53727,0.37245,0.53702,0.3507,0.50681,25,-0.36717,-0.26386,NaN
0,2,5,8,100,16,0,8,0,0.66667,16,0,8,0,0.66667,16,0,8,0,0.66667,16,0,8,0,0.66667,0.19589,0.17948,-0.0095821,0.51772,-0.043478,0.58138,-0.084261,0.65227,0.40658,0.5505,0.29956,0.43362,24,-0.44082,-0.67292,NaN
0,2,5,9,100,17,0,6,0,0.73913,17,0,6,0,0.73913,17,0,6,0,0.73913,17,0,6,0,0.73913,0.13884,0.26376,-0.15274,0.75671,-0.050395,0.59196,-0.045726,0.58206,0.46233,0.57893,0.22721,0.37772,23,-0.4009,-0.36279,NaN
0,2,5,10,100,17,0,5,0,0.77273,17,0,5,0,0.77273,17,0,5,0,0.77273,17,0,5,0,0.77273,0.068711,0.38063,-0.23008,0.84851,-0.11011,0.6895,-0.11821,0.69984,0.52878,0.62412,0.23402,0.40855,22,-0.41843,-0.6033,NaN
0,2,5,11,100,19,0,2,0,0.90476,19,0,2,0,0.90476,19,0,2,0,0.90476,19,0,2,0,0.90476,-0.071889,0.62159,-0.19379,0.80002,-0.2026,0.81318,-0.20665,0.81561,0.68017,0.68446,0.24574,0.43507,21,-0.24432,-0.36889,NaN
0,2,5,12,100,20,0,0,0,1,20,0,0,0,1,20,0,0,0,1,20,0,0,0,1,-0.31511,0.91201,-0.43248,0.97157,-0.30677,0.90716,-0.30057,0.90106,0.86199,0.75101,0.24418,0.43783,20,-0.33128,-0.26205,NaN
0,2,6,1,100,19,0,11,0,0.63333,19,0,11,0,0.63333,19,0,11,0,0.63333,19,0,11,0,0.63333,0.081007,0.33522,-0.17453,0.82184,0.016685,0.46537,-0.050216,0.60393,0.065296,0.19442,0.053188,0.16886,30,0.11939,0.30651,NaN
0,2,6,2,100,15,0,14,0,0.51724,15,0,14,0,0.51724,15,0,14,0,0.51724,15,0,14,0,0.51724,0.07192,0.35541,-0.1035,0.70342,0.025616,0.44768,0.091406,0.31862,0.19286,0.3374,0.17118,0.29723,29,0.26198,0.49865,NaN
0,2,6,3,100,16,0,12,0,0.57143,16,0,12,0,0.57143,16,0,12,0,0.57143,16,0,12,0,0.57143,0.13944,0.23958,-0.1226,0.73287,0.063492,0.37381,-0.037985,0.57609,0.2995,0.44586,0.30603,0.41372,28,0.080699,0.81426,NaN
0,2,6,4,100,14,0,13,0,0.51852,14,0,13,0,0.51852,14,0,13,0,0.51852,14,0,13,0,0.51852,0.2044,0.15323,-0.13622,0.75096,0.084249,0.33755,-0.084016,0.66153,0.39563,0.54297,0.42216,0.52885,27,-0.27496,0.80239,NaN
0,2,6,5,100,16,0,10,0,0.61538,16,0,10,0,0.61538,16,0,10,0,0.61538,16,0,10,0,0.61538,0.25693,0.10257,-0.0060024,0.51161,0.12068,0.27776,0.024307,0.45309,0.36191,0.52475,0.37439,0.52872,26,0.2615,-0.92745,NaN
0,2,6,6,100,14,0,11,0,0.56,14,0,11,0,0.56,14,0,11,0,0.56,14,0,11,0,0.56,0.32986,0.053666,0.18204,0.1919,0.11846,0.28566,0.27973,0.087826,0.3653,0.53489,0.37468,0.54793,25,0.49596,-0.30414,NaN
0,2,6,7,100,15,0,9,0,0.625,15,0,9,0,0.625,15,0,9,0,0.625,15,0,9,0,0.625,0.23125,0.13846,0.059297,0.39157,0.090435,0.33669,0.0092027,0.48298,0.3689,0.532,0.33846,0.49724,24,0.30738,-0.31872,NaN
0,2,6,8,100,15,0,8,0,0.65217,15,0,8,0,0.65217,15,0,8,0,0.65217,15,0,8,0,0.65217,0.11792,0.29603,0.076835,0.36375,-0.057312,0.6042,0.013196,0.47617,0.39077,0.53547,0.28798,0.4235,23,-0.58717,-0.96832,NaN
0,2,6,9,100,16,0,6,0,0.72727,16,0,6,0,0.72727,16,0,6,0,0.72727,16,0,6,0,0.72727,0.12137,0.29528,-0.14931,0.74639,-0.042349,0.57588,-0.03689,0.56474,0.42218,0.55369,0.23687,0.38894,22,-0.1632,-0.19714,NaN
0,2,6,10,100,16,0,5,0,0.7619,16,0,5,0,0.7619,16,0,5,0,0.7619,16,0,5,0,0.7619,-0.0052199,0.50896,-0.28354,0.89353,-0.16104,0.75983,-0.19069,0.79616,0.47377,0.59481,0.23971,0.41398,21,-0.4584,-0.73838,NaN
0,2,6,11,100,18,0,2,0,0.9,18,0,2,0,0.9,18,0,2,0,0.9,18,0,2,0,0.9,-0.059121,0.59777,-0.18438,0.78177,-0.2391,0.84728,-0.17154,0.76521,0.5755,0.63784,0.23448,0.42391,20,-0.26724,-0.17021,NaN
0,2,6,12,100,19,0,0,0,1,19,0,0,0,1,19,0,0,0,1,19,0,0,0,1,-0.38019,0.94583,-0.49998,0.98537,-0.36316,0.93747,-0.35604,0.93269,0.75165,0.70467,0.24588,0.43652,19,-0.36205,NaN,NaN
0,2,7,1,100,18,0,11,0,0.62069,18,0,11,0,0.62069,18,0,11,0,0.62069,18,0,11,0,0.62069,0.11298,0.27977,-0.0020553,0.50422,-0.0059113,0.51273,-0.048799,0.59924,0.063061,0.19148,0.053483,0.17287,29,0.17583,0.61444,NaN
0,2,7,2,100,15,0,13,0,0.53571,15,0,13,0,0.53571,15,0,13,0,0.53571,15,0,13,0,0.53571,0.15842,0.21037,-0.0025181,0.50507,0.14669,0.22734,0.18045,0.17908,0.17475,0.32083,0.17156,0.29307,28,0.55653,0.79557,NaN
0,2,7,3,100,15,0,12,0,0.55556,15,0,12,0,0.55556,15,0,12,0,0.55556,15,0,12,0,0.55556,0.22035,0.1347,-0.08097,0.65597,0.15201,0.2237,0.1569,0.21723,0.27968,0.42861,0.31521,0.42415,27,0.77876,0.81426,NaN
0,2,7,4,100,13,0,13,0,0.5,13,0,13,0,0.5,13,0,13,0,0.5,13,0,13,0,0.5,0.25436,0.10493,-0.083161,0.65685,0.19111,0.17404,0.053917,0.39682,0.38216,0.5302,0.43011,0.53803,26,1.265,0.77636,NaN
0,2,7,5,100,15,0,10,0,0.6,15,0,10,0,0.6,15,0,10,0,0.6,15,0,10,0,0.6,0.34069,0.047804,0.17038,0.20775,0.27308,0.092996,0.21645,0.14934,0.34576,0.50857,0.3774,0.53472,25,1.4812,1.4505,NaN
0,2,7,6,100,13,0,11,0,0.54167,13,0,11,0,0.54167,13,0,11,0,0.54167,13,0,11,0,0.54167,0.23191,0.13776,0.22504,0.1452,0.26783,0.1025,0.37482,0.035566,0.37323,0.54613,0.36292,0.53568,24,1.1569,1.2961,NaN
0,2,7,7,100,14,0,9,0,0.6087,14,0,9,0,0.6087,14,0,9,0,0.6087,14,0,9,0,0.6087,0.12932,0.27823,0.25571,0.11947,0.23221,0.14248,0.17,0.21903,0.37532,0.53607,0.33223,0.49061,23,0.70703,0.8509,NaN
0,2,7,8,100,14,0,8,0,0.63636,14,0,8,0,0.63636,14,0,8,0,0.63636,14,0,8,0,0.63636,0.071637,0.3757,-0.11565,0.69585,-0.019763,0.5361,0.067848,0.38209,0.38981,0.53095,0.33208,0.47108,22,0.77082,0.64736,NaN
0,2,7,9,100,15,0,6,0,0.71429,15,0,6,0,0.71429,15,0,6,0,0.71429,15,0,6,0,0.71429,0.022456,0.46152,-0.15808,0.75314,-0.077922,0.63371,-0.11035,0.68303,0.40835,0.54021,0.25071,0.40887,21,0.08865,-0.49122,NaN
0,2,7,10,100,15,0,5,0,0.75,15,0,5,0,0.75,15,0,5,0,0.75,15,0,5,0,0.75,-0.043491,0.57223,-0.28973,0.89234,-0.2015,0.80551,-0.23898,0.84488,0.43433,0.57319,0.24737,0.4195,20,-0.46162,-0.68325,NaN
0,2,7,11,100,17,0,2,0,0.89474,17,0,2,0,0.89474,17,0,2,0,0.89474,17,0,2,0,0.89474,-0.19664,0.79012,-0.25667,0.8556,-0.27018,0.87049,-0.24193,0.84083,0.54449,0.62088,0.25412,0.43937,19,-0.41474,NaN,NaN
0,2,7,12,100,18,0,0,0,1,18,0,0,0,1,18,0,0,0,1,18,0,0,0,1,-0.38625,0.94332,-0.516,0.98581,-0.36636,0.93346,-0.35799,0.92767,0.63733,0.6588,0.24307,0.43204,18,-0.36858,NaN,NaN
0,2,8,1,100,18,0,10,0,0.64286,18,0,10,0,0.64286,18,0,10,0,0.64286,18,0,10,0,0.64286,0.23753,0.11179,0.035159,0.42951,0.10181,0.30245,0.028217,0.44333,0.053839,0.17857,0.05425,0.1736,28,0.37343,0.61444,NaN
0,2,8,2,100,14,0,13,0,0.51852,14,0,13,0,0.51852,14,0,13,0,0.51852,14,0,13,0,0.51852,0.24228,0.11169,0.15995,0.21274,0.21673,0.13813,0.24135,0.11261,0.16175,0.30595,0.17302,0.29441,27,0.68197,0.84568,NaN
0,2,8,3,100,14,0,12,0,0.53846,14,0,12,0,0.53846,14,0,12,0,0.53846,14,0,12,0,0.53846,0.27634,0.085885,0.16338,0.21258,0.20479,0.15706,0.27234,0.089156,0.27239,0.41921,0.30683,0.41904,26,0.99161,0.74326,NaN
0,2,8,4,100,12,0,13,0,0.48,12,0,13,0,0.48,12,0,13,0,0.48,12,0,13,0,0.48,0.37491,0.032405,0.14373,0.24654,0.29692,0.074645,0.19076,0.18052,0.37144,0.51732,0.42765,0.53996,25,1.3118,1.69,NaN
0,2,8,5,100,14,0,10,0,0.58333,14,0,10,0,0.58333,14,0,10,0,0.58333,14,0,10,0,0.58333,0.29146,0.083511,0.30686,0.072354,0.3113,0.069323,0.34603,0.04883,0.34782,0.51609,0.35684,0.51643,24,1.0957,1.512,NaN
0,2,8,6,100,12,0,11,0,0.52174,12,0,11,0,0.52174,12,0,11,0,0.52174,12,0,11,0,0.52174,0.17895,0.20698,0.42407,0.021866,0.3251,0.065123,0.57676,0.0019819,0.37508,0.55062,0.36306,0.53382,23,0.89934,1.0177,NaN
0,2,8,7,100,13,0,9,0,0.59091,13,0,9,0,0.59091,13,0,9,0,0.59091,13,0,9,0,0.59091,0.13708,0.27149,0.28052,0.10302,0.26143,0.11944,0.15577,0.24439,0.37038,0.53118,0.34563,0.51069,22,0.85135,1.1622,NaN
0,2,8,8,100,13,0,8,0,0.61905,13,0,8,0,0.61905,13,0,8,0,0.61905,13,0,8,0,0.61905,0.036238,0.43804,-0.023051,0.5395,0.051948,0.41179,0.11688,0.30694,0.3745,0.51568,0.32683,0.47023,21,0.63452,0.55278,NaN
0,2,8,9,100,14,0,6,0,0.7,14,0,6,0,0.7,14,0,6,0,0.7,14,0,6,0,0.7,0.046119,0.42345,0.082389,0.36493,-0.019549,0.5342,0.054299,0.41007,0.36424,0.5089,0.25047,0.40801,20,-0.28631,0.12871,NaN
0,2,8,10,100,14,0,5,0,0.73684,14,0,5,0,0.73684,14,0,5,0,0.73684,14,0,5,0,0.73684,-0.11453,0.67971,-0.32163,0.91033,-0.26491,0.86568,-0.31135,0.90278,0.40424,0.55218,0.2595,0.43065,19,-0.74483,NaN,NaN
0,2,8,11,100,16,0,2,0,0.88889,16,0,2,0,0.88889,16,0,2,0,0.88889,16,0,2,0,0.88889,-0.18717,0.77146,-0.2281,0.81868,-0.27761,0.86997,-0.23095,0.82175,0.44041,0.56531,0.25714,0.43799,18,-0.24101,NaN,NaN
0,2,8,12,100,17,0,0,0,1,17,0,0,0,1,17,0,0,0,1,17,0,0,0,1,-0.38305,0.93545,-0.57542,0.99217,-0.42647,0.95634,-0.42971,0.95742,0.50518,0.59571,0.22641,0.41551,17,-0.33505,NaN,NaN
0,2,9,1,100,17,0,10,0,0.62963,17,0,10,0,0.62963,17,0,10,0,0.62963,17,0,10,0,0.62963,0.23819,0.11576,0.19227,0.16833,0.17155,0.19527,0.075764,0.35361,0.05234,0.17419,0.054253,0.17088,27,0.36524,0.23946,NaN
0,2,9,2,100,13,0,13,0,0.5,13,0,13,0,0.5,13,0,13,0,0.5,13,0,13,0,0.5,0.12842,0.26591,0.14441,0.24077,0.1959,0.16797,0.24197,0.11684,0.16565,0.30863,0.16733,0.27966,26,0.33864,0.56837,NaN
0,2,9,3,100,13,0,12,0,0.52,13,0,12,0,0.52,13,0,12,0,0.52,13,0,12,0,0.52,0.30832,0.066876,0.37175,0.033638,0.24077,0.1226,0.29206,0.07829,0.27658,0.42222,0.30043,0.411,25,0.7382,1.24,NaN
0,2,9,4,100,11,0,13,0,0.45833,11,0,13,0,0.45833,11,0,13,0,0.45833,11,0,13,0,0.45833,0.24396,0.12532,0.17045,0.21293,0.27652,0.095124,0.14634,0.24752,0.36893,0.5117,0.38587,0.5114,24,0.9393,0.9336,NaN
0,2,9,5,100,13,0,10,0,0.56522,13,0,10,0,0.56522,13,0,10,0,0.56522,13,0,10,0,0.56522,0.18201,0.20293,0.24552,0.12941,0.31621,0.070783,0.27841,0.099155,0.35026,0.52028,0.34414,0.5056,23,0.65902,0.52103,NaN
0,2,9,6,100,11,0,11,0,0.5,11,0,11,0,0.5,11,0,11,0,0.5,11,0,11,0,0.5,0.12282,0.29304,0.3094,0.080585,0.27047,0.11129,0.36716,0.046392,0.38587,0.55716,0.3788,0.54813,22,0.78336,0.75797,NaN
0,2,9,7,100,12,0,9,0,0.57143,12,0,9,0,0.57143,12,0,9,0,0.57143,12,0,9,0,0.57143,0.061334,0.39585,0.2644,0.12339,0.28571,0.1043,0.2859,0.10449,0.37305,0.53448,0.35798,0.52497,21,0.8264,0.6231,NaN
0,2,9,8,100,12,0,8,0,0.6,12,0,8,0,0.6,12,0,8,0,0.6,12,0,8,0,0.6,0.026968,0.45507,0.16093,0.24895,0.11128,0.31979,0.22424,0.17095,0.36438,0.50798,0.32694,0.47807,20,0.57711,0.37476,NaN
0,2,9,9,100,13,0,6,0,0.68421,13,0,6,0,0.68421,13,0,6,0,0.68421,13,0,6,0,0.68421,-0.070178,0.61236,0.074016,0.38166,-0.070175,0.6149,0.059534,0.40435,0.3633,0.50408,0.26464,0.43066,19,0.20046,NaN,NaN
0,2,9,10,100,13,0,5,0,0.72222,13,0,5,0,0.72222,13,0,5,0,0.72222,13,0,5,0,0.72222,-0.16824,0.74771,-0.32073,0.9028,-0.19505,0.78427,-0.30626,0.89178,0.34687,0.51142,0.26106,0.43226,18,-0.96105,NaN,NaN
0,2,9,11,100,15,0,2,0,0.88235,15,0,2,0,0.88235,15,0,2,0,0.88235,15,0,2,0,0.88235,-0.32135,0.89575,-0.2096,0.79029,-0.27206,0.85738,-0.11468,0.6694,0.36981,0.51885,0.24465,0.42971,17,-0.5813,NaN,NaN
0,2,9,12,100,16,0,0,0,1,16,0,0,0,1,16,0,0,0,1,16,0,0,0,1,-0.45702,0.96244,-0.62706,0.99534,-0.53824,0.98365,-0.48895,0.9727,0.39644,0.53864,0.21472,0.40283,16,-0.35211,NaN,NaN
0,2,10,1,100,16,0,10,0,0.61538,16,0,10,0,0.61538,16,0,10,0,0.61538,16,0,10,0,0.61538,0.057897,0.38938,-0.23235,0.87331,-0.0051282,0.51066,-0.092698,0.67379,0.053478,0.17466,0.057339,0.17704,26,-0.098681,-0.056539,NaN
0,2,10,2,100,12,0,13,0,0.48,12,0,13,0,0.48,12,0,13,0,0.48,12,0,13,0,0.48,0.18559,0.18722,0.1888,0.18304,0.12308,0.27815,0.37474,0.03247,0.16677,0.30554,0.16883,0.27864,25,-0.13708,-0.19751,NaN
0,2,10,3,100,12,0,12,0,0.5,12,0,12,0,0.5,12,0,12,0,0.5,12,0,12,0,0.5,0.22375,0.14662,0.26319,0.10701,0.20957,0.16207,0.22387,0.14649,0.28291,0.42666,0.28913,0.39744,24,0.30909,0.92137,NaN
0,2,10,4,100,10,0,13,0,0.43478,10,0,13,0,0.43478,10,0,13,0,0.43478,10,0,13,0,0.43478,0.30065,0.081667,0.26109,0.11443,0.33103,0.061539,0.22212,0.15419,0.38127,0.52947,0.38606,0.50571,23,0.97122,1.0929,NaN
0,2,10,5,100,12,0,10,0,0.54545,12,0,10,0,0.54545,12,0,10,0,0.54545,12,0,10,0,0.54545,0.2369,0.14423,0.28408,0.10005,0.32693,0.068805,0.37628,0.042175,0.36327,0.53267,0.35666,0.52344,22,0.91383,0.58863,NaN
0,2,10,6,100,10,0,11,0,0.47619,10,0,11,0,0.47619,10,0,11,0,0.47619,10,0,11,0,0.47619,0.17573,0.22305,0.46026,0.017887,0.31039,0.085308,0.51209,0.0088158,0.38886,0.55677,0.39287,0.57109,21,1.0867,0.94765,NaN
0,2,10,7,100,11,0,9,0,0.55,11,0,9,0,0.55,11,0,9,0,0.55,11,0,9,0,0.55,0.12677,0.29716,0.1711,0.23537,0.30526,0.095091,0.31484,0.088184,0.36787,0.52817,0.37571,0.53853,20,0.8339,1.1546,NaN
0,2,10,8,100,11,0,8,0,0.57895,11,0,8,0,0.57895,11,0,8,0,0.57895,11,0,8,0,0.57895,0.047267,0.42381,0.29566,0.10954,0.16491,0.24917,0.25846,0.14267,0.3624,0.50092,0.32772,0.48187,19,0.54636,NaN,NaN
0,2,10,9,100,12,0,6,0,0.66667,12,0,6,0,0.66667,12,0,6,0,0.66667,12,0,6,0,0.66667,0.0052069,0.49182,0.1564,0.26771,0.081527,0.37408,0.13826,0.29215,0.31471,0.46943,0.26572,0.42767,18,0.083556,NaN,NaN
0,2,10,10,100,12,0,5,0,0.70588,12,0,5,0,0.70588,12,0,5,0,0.70588,12,0,5,0,0.70588,-0.094743,0.64121,-0.30946,0.88661,-0.014706,0.5245,-0.26445,0.84749,0.29138,0.47149,0.2562,0.42418,17,-0.58063,NaN,NaN
0,2,10,11,100,14,0,2,0,0.875,14,0,2,0,0.875,14,0,2,0,0.875,14,0,2,0,0.875,-0.22509,0.79903,-0.20774,0.77996,-0.15882,0.7257,-0.14454,0.70336,0.28696,0.46787,0.23019,0.41431,16,-0.45058,NaN,NaN
0,2,10,12,100,15,0,0,0,1,15,0,0,0,1,15,0,0,0,1,15,0,0,0,1,-0.66363,0.99651,-0.63564,0.99456,-0.55,0.98255,-0.50314,0.97205,0.29361,0.47675,0.20476,0.38833,15,-0.39257,NaN,NaN
0,2,11,1,100,15,0,10,0,0.6,15,0,10,0,0.6,15,0,10,0,0.6,15,0,10,0,0.6,0.09901,0.31887,-0.087053,0.66048,0.050769,0.40475,-0.090668,0.66677,0.055238,0.17831,0.057639,0.1781,25,-0.15223,-0.056539,NaN
0,2,11,2,100,11,0,13,0,0.45833,11,0,13,0,0.45833,11,0,13,0,0.45833,11,0,13,0,0.45833,0.16041,0.227,0.088269,0.34085,0.091304,0.3352,0.19926,0.17529,0.16959,0.30344,0.17452,0.27878,24,0.083951,-0.19751,NaN
0,2,11,3,100,11,0,12,0,0.47826,11,0,12,0,0.47826,11,0,12,0,0.47826,11,0,12,0,0.47826,0.29209,0.088124,0.13613,0.26785,0.26383,0.11146,0.2353,0.1399,0.29346,0.43818,0.3056,0.41019,23,0.98114,0.69433,NaN
0,2,11,4,100,9,0,13,0,0.40909,9,0,13,0,0.40909,9,0,13,0,0.40909,9,0,13,0,0.40909,0.24609,0.1348,0.20866,0.17569,0.22981,0.15105,0.13572,0.27351,0.39924,0.54556,0.40784,0.52495,22,1.1398,1.3426,NaN
0,2,11,5,100,11,0,10,0,0.52381,11,0,10,0,0.52381,11,0,10,0,0.52381,11,0,10,0,0.52381,0.1765,0.22203,0.25297,0.13428,0.25584,0.1309,0.33519,0.068726,0.38089,0.55027,0.37341,0.53868,21,1.242,1.2777,NaN
0,2,11,6,100,10,0,10,0,0.5,10,0,10,0,0.5,10,0,10,0,0.5,10,0,10,0,0.5,0.10812,0.32501,0.40829,0.036953,0.21805,0.17706,0.4421,0.025483,0.39909,0.56449,0.40262,0.57731,20,0.87292,1.1585,NaN
0,2,11,7,100,11,0,8,0,0.57895,11,0,8,0,0.57895,11,0,8,0,0.57895,11,0,8,0,0.57895,0.045459,0.4267,0.012107,0.48038,0.25614,0.14428,0.11921,0.31346,0.37736,0.53259,0.38884,0.54371,19,0.30003,NaN,NaN
0,2,11,8,100,11,0,7,0,0.61111,11,0,7,0,0.61111,11,0,7,0,0.61111,11,0,7,0,0.61111,-0.063219,0.5984,0.12845,0.30575,-0.081527,0.62905,0.12987,0.30375,0.35,0.48912,0.32988,0.47026,18,-0.070614,NaN,NaN
0,2,11,9,100,12,0,5,0,0.70588,12,0,5,0,0.70588,12,0,5,0,0.70588,12,0,5,0,0.70588,-0.069537,0.60457,-0.25397,0.83736,-0.14461,0.71383,-0.19907,0.77816,0.28133,0.43889,0.25743,0.41433,17,-0.6682,NaN,NaN
0,2,11,10,100,12,0,4,0,0.75,12,0,4,0,0.75,12,0,4,0,0.75,12,0,4,0,0.75,-0.17692,0.74391,-0.31664,0.88393,-0.22059,0.79803,-0.23669,0.81127,0.24,0.42013,0.22337,0.39302,16,-1.1594,NaN,NaN
0,2,11,11,100,14,0,1,0,0.93333,14,0,1,0,0.93333,14,0,1,0,0.93333,14,0,1,0,0.93333,-0.21163,0.77553,-0.17671,0.73566,-0.20357,0.77111,-0.15067,0.70402,0.22821,0.41432,0.20253,0.39172,15,-0.39612,NaN,NaN
0,2,11,12,100,14,0,0,0,1,14,0,0,0,1,14,0,0,0,1,14,0,0,0,1,-0.60101,0.98849,-0.60999,0.98973,-0.59121,0.98625,-0.5837,0.98579,0.27326,0.45929,0.21133,0.38949,14,-0.074041,NaN,NaN
0,2,12,1,100,14,0,10,0,0.58333,14,0,10,0,0.58333,14,0,10,0,0.58333,14,0,10,0,0.58333,-0.0055626,0.51029,-0.14086,0.74426,0.049565,0.4091,-0.064009,0.61682,0.051942,0.17035,0.053134,0.16697,24,0.021128,-0.12474,NaN
0,2,12,2,100,10,0,13,0,0.43478,10,0,13,0,0.43478,10,0,13,0,0.43478,10,0,13,0,0.43478,0.042188,0.42421,-0.099271,0.67388,0.013834,0.4757,-0.0089712,0.5162,0.17763,0.30852,0.18638,0.29073,23,-0.04668,0.14837,NaN
0,2,12,3,100,10,0,12,0,0.45455,10,0,12,0,0.45455,10,0,12,0,0.45455,10,0,12,0,0.45455,0.073414,0.37271,-0.015899,0.52799,0.080745,0.36023,0.14437,0.26076,0.31239,0.45484,0.32653,0.42724,22,0.32655,0.3407,NaN
0,2,12,4,100,8,0,13,0,0.38095,8,0,13,0,0.38095,8,0,13,0,0.38095,8,0,13,0,0.38095,0.042592,0.42728,0.025383,0.45652,0.066234,0.38777,-0.065404,0.6109,0.42643,0.5677,0.43427,0.54826,21,0.79854,0.81641,NaN
0,2,12,5,100,11,0,9,0,0.55,11,0,9,0,0.55,11,0,9,0,0.55,11,0,9,0,0.55,-0.0089206,0.51489,0.077533,0.37263,0.02406,0.46075,0.14227,0.27481,0.40048,0.56365,0.39427,0.55424,20,0.66673,-0.088814,NaN
0,2,12,6,100,10,0,9,0,0.52632,10,0,9,0,0.52632,10,0,9,0,0.52632,10,0,9,0,0.52632,-0.049151,0.57919,0.16329,0.25208,-0.022807,0.53875,0.14432,0.27778,0.41908,0.57824,0.41517,0.58534,19,0.58731,NaN,NaN
0,2,12,7,100,11,0,7,0,0.61111,11,0,7,0,0.61111,11,0,7,0,0.61111,11,0,7,0,0.61111,-0.11516,0.67545,-0.17831,0.7605,-0.027864,0.54583,-0.19181,0.77711,0.38125,0.53245,0.3946,0.54318,18,-0.59456,NaN,NaN
0,2,12,8,100,11,0,6,0,0.64706,11,0,6,0,0.64706,11,0,6,0,0.64706,11,0,6,0,0.64706,-0.19925,0.77837,-0.048034,0.57263,-0.22794,0.8139,-0.16605,0.73792,0.33849,0.47248,0.32706,0.462,17,-0.37731,NaN,NaN
0,2,12,9,100,12,0,4,0,0.75,12,0,4,0,0.75,12,0,4,0,0.75,12,0,4,0,0.75,-0.15907,0.72188,-0.39477,0.93489,-0.13235,0.69149,-0.14893,0.70901,0.25268,0.40819,0.23628,0.38843,16,-0.79927,NaN,NaN
0,2,12,10,100,12,0,3,0,0.8,12,0,3,0,0.8,12,0,3,0,0.8,12,0,3,0,0.8,-0.20469,0.76785,-0.21659,0.78094,-0.071429,0.60371,-0.066368,0.5929,0.20823,0.38436,0.19794,0.37143,15,-0.011282,NaN,NaN
0,2,12,11,100,13,0,1,0,0.92857,13,0,1,0,0.92857,13,0,1,0,0.92857,13,0,1,0,0.92857,-0.26038,0.8157,-0.18405,0.73561,-0.15165,0.7028,-0.14333,0.68752,0.22529,0.408,0.20677,0.39353,14,-0.061641,NaN,NaN
0,2,12,12,100,13,0,0,0,1,13,0,0,0,1,13,0,0,0,1,13,0,0,0,1,-0.70277,0.99631,-0.79413,0.99941,-0.70879,0.99593,-0.72728,0.99758,0.27667,0.46257,0.22869,0.40574,13,-0.39257,NaN,NaN
